season,bowler,matches,balls_bowled,runs_conceded,wickets,dot_balls,maidens,three_wicket_hauls,four_wicket_hauls,five_wicket_hauls,economy,bowling_average,bowling_strike_rate,dot_ball_percentage,overs,best_bowling_figures
2021,A Mishra,4,84,109,6,25,0,1,1,0,7.79,18.17,14.0,29.76,14.0,4/24
2021,A Nortje,8,182,187,12,84,1,0,0,0,6.16,15.58,15.17,46.15,30.2,2/12
2021,AD Russell,8,114,188,11,39,0,2,1,1,9.89,17.09,10.36,34.21,19.0,5/15
2021,AF Milne,4,84,131,3,31,0,0,0,0,9.36,43.67,28.0,36.9,14.0,2/21
2021,AK Markram,2,24,23,0,9,0,0,0,0,5.75,,,37.5,4.0,0/5
2021,AR Patel,12,282,312,15,102,0,1,0,0,6.64,20.8,18.8,36.17,47.0,3/21
2021,AU Rashid,1,18,35,0,6,0,0,0,0,11.67,,,33.33,3.0,0/35
2021,Abdul Samad,1,6,9,1,1,0,0,0,0,9.0,9.0,6.0,16.67,1.0,1/9
2021,Abhishek Sharma,6,60,64,4,25,0,0,0,0,6.4,16.0,15.0,41.67,10.0,2/4
2021,Akash Singh,1,24,39,0,7,0,0,0,0,9.75,,,29.17,4.0,0/39
2021,Arshdeep Singh,12,248,341,18,88,0,3,1,1,8.25,18.94,13.78,35.48,41.2,5/32
2021,Avesh Khan,16,366,449,24,156,0,4,0,0,7.36,18.71,15.25,42.62,61.0,3/13
2021,B Kumar,11,252,335,6,103,1,0,0,0,7.98,55.83,42.0,40.87,42.0,1/16
2021,BA Stokes,1,6,12,0,2,0,0,0,0,12.0,,,33.33,1.0,0/12
2021,C Sakariya,14,312,425,14,113,1,2,0,0,8.17,30.36,22.29,36.22,52.0,3/31
2021,CH Morris,11,246,374,15,91,0,2,1,0,9.12,24.93,16.4,36.99,41.0,4/23
2021,CJ Jordan,4,72,96,4,27,0,0,0,0,8.0,24.0,18.0,37.5,12.0,2/20
2021,CR Woakes,3,66,82,5,33,0,0,0,0,7.45,16.4,13.2,50.0,11.0,2/18
2021,CV Varun,17,408,448,18,149,0,1,0,0,6.59,24.89,22.67,36.52,68.0,3/13
2021,DJ Bravo,11,202,261,14,73,0,2,0,0,7.75,18.64,14.43,36.14,33.4,3/24
2021,DJ Hooda,7,96,136,2,31,0,0,0,0,8.5,68.0,48.0,32.29,16.0,1/15
2021,DL Chahar,15,324,451,14,132,1,2,2,0,8.35,32.21,23.14,40.74,54.0,4/13
2021,DR Sams,2,36,39,1,15,0,0,0,0,6.5,39.0,36.0,41.67,6.0,1/24
2021,DS Kulkarni,1,24,48,0,7,0,0,0,0,12.0,,,29.17,4.0,0/48
2021,DT Christian,9,100,155,4,29,0,0,0,0,9.3,38.75,25.0,29.0,16.4,2/14
2021,FA Allen,3,66,90,1,20,1,0,0,0,8.18,90.0,66.0,30.3,11.0,1/22
2021,GD Phillips,2,12,20,1,4,0,0,0,0,10.0,20.0,12.0,33.33,2.0,1/17
2021,GHS Garton,5,90,135,3,32,0,0,0,0,9.0,45.0,30.0,35.56,15.0,1/27
2021,GJ Maxwell,6,96,135,3,25,0,0,0,0,8.44,45.0,32.0,26.04,16.0,2/23
2021,HV Patel,15,338,457,32,122,0,6,2,1,8.11,14.28,10.56,36.09,56.2,5/27
2021,Harbhajan Singh,3,42,63,0,19,0,0,0,0,9.0,,,45.24,7.0,0/8
2021,Harpreet Brar,7,138,139,5,56,1,1,0,0,6.04,27.8,27.6,40.58,23.0,3/19
2021,I Sharma,3,72,97,1,26,2,0,0,0,8.08,97.0,72.0,36.11,12.0,1/26
2021,IC Porel,1,24,39,1,10,0,0,0,0,9.75,39.0,24.0,41.67,4.0,1/39
2021,Imran Tahir,1,24,16,2,14,0,0,0,0,4.0,8.0,12.0,58.33,4.0,2/16
2021,J Suchith,2,42,66,0,11,0,0,0,0,9.43,,,26.19,7.0,0/21
2021,J Yadav,5,102,130,2,44,0,0,0,0,7.65,65.0,51.0,43.14,17.0,1/25
2021,JA Richardson,3,66,117,3,24,0,0,0,0,10.64,39.0,22.0,36.36,11.0,2/41
2021,JD Unadkat,6,132,168,4,52,0,1,0,0,7.64,42.0,33.0,39.39,22.0,3/15
2021,JDS Neesham,3,54,66,5,21,0,1,0,0,7.33,13.2,10.8,38.89,9.0,3/12
2021,JJ Bumrah,14,330,409,21,142,0,2,0,0,7.44,19.48,15.71,43.03,55.0,3/36
2021,JO Holder,8,191,247,16,75,0,4,1,0,7.76,15.44,11.94,39.27,31.5,4/52
2021,JR Hazlewood,9,210,293,11,87,0,1,0,0,8.37,26.64,19.09,41.43,35.0,3/24
2021,Jalaj S Saxena,1,18,27,0,5,0,0,0,0,9.0,,,27.78,3.0,0/27
2021,K Rabada,15,336,456,15,135,1,2,0,0,8.14,30.4,22.4,40.18,56.0,3/36
2021,K Yadav,1,12,16,0,5,0,0,0,0,8.0,,,41.67,2.0,0/16
2021,KA Jamieson,9,168,267,9,70,0,1,0,0,9.54,29.67,18.67,41.67,28.0,3/41
2021,KA Pollard,9,79,95,5,26,0,0,0,0,7.22,19.0,15.8,32.91,13.1,2/8
2021,KH Pandya,12,199,264,5,68,0,0,0,0,7.96,52.8,39.8,34.17,33.1,1/13
2021,KK Ahmed,7,162,218,5,56,0,1,0,0,8.07,43.6,32.4,34.57,27.0,3/21
2021,KL Nagarkoti,1,12,25,0,2,0,0,0,0,12.5,,,16.67,2.0,0/25
2021,KM Asif,1,13,18,1,2,0,0,0,0,8.31,18.0,13.0,15.38,2.1,1/18
2021,KW Richardson,1,18,29,1,5,0,0,0,0,9.67,29.0,18.0,27.78,3.0,1/29
2021,Kartik Tyagi,4,84,123,4,37,0,0,0,0,8.79,30.75,21.0,44.05,14.0,2/29
2021,L Ngidi,3,72,125,5,25,0,1,0,0,10.42,25.0,14.4,34.72,12.0,3/28
2021,LH Ferguson,8,180,224,13,76,0,1,0,0,7.47,17.23,13.85,42.22,30.0,3/18
2021,LI Meriwala,1,18,32,1,6,0,0,0,0,10.67,32.0,18.0,33.33,3.0,1/32
2021,Lalit Yadav,5,84,101,4,21,0,0,0,0,7.21,25.25,21.0,25.0,14.0,2/13
2021,M Ashwin,3,66,96,1,19,0,0,0,0,8.73,96.0,66.0,28.79,11.0,1/32
2021,M Jansen,2,36,45,2,14,0,0,0,0,7.5,22.5,18.0,38.89,6.0,2/28
2021,M Markande,1,18,26,0,4,0,0,0,0,8.67,,,22.22,3.0,0/26
2021,M Prasidh Krishna,10,231,349,12,102,0,1,0,0,9.06,29.08,19.25,44.16,38.3,3/30
2021,MC Henriques,5,60,45,4,31,0,1,0,0,4.5,11.25,15.0,51.67,10.0,3/12
2021,MK Lomror,4,42,47,1,13,0,0,0,0,6.71,47.0,42.0,30.95,7.0,1/22
2021,MM Ali,10,152,161,6,50,0,1,0,0,6.36,26.83,25.33,32.89,25.2,3/7
2021,MP Stoinis,8,67,117,2,17,0,0,0,0,10.48,58.5,33.5,25.37,11.1,1/7
2021,Mohammad Nabi,3,48,86,2,13,0,0,0,0,10.75,43.0,24.0,27.08,8.0,2/32
2021,Mohammed Shami,14,316,395,19,145,1,2,0,0,7.5,20.79,16.63,45.89,52.4,3/21
2021,Mohammed Siraj,15,312,353,11,147,1,1,0,0,6.79,32.09,28.36,47.12,52.0,3/27
2021,Mujeeb Ur Rahman,1,24,29,2,10,0,0,0,0,7.25,14.5,12.0,41.67,4.0,2/29
2021,Mustafizur Rahman,14,311,435,14,113,0,1,0,0,8.39,31.07,22.21,36.33,51.5,3/20
2021,N Rana,2,12,12,0,5,0,0,0,0,6.0,,,41.67,2.0,0/5
2021,NM Coulter-Nile,5,120,127,7,53,0,1,1,0,6.35,18.14,17.14,44.17,20.0,4/14
2021,NT Ellis,3,66,90,1,24,0,0,0,0,8.18,90.0,66.0,36.36,11.0,1/12
2021,Navdeep Saini,2,24,52,0,5,0,0,0,0,13.0,,,20.83,4.0,0/25
2021,PJ Cummins,7,161,236,9,60,0,1,0,0,8.8,26.22,17.89,37.27,26.5,3/24
2021,PP Chawla,1,24,38,1,3,0,0,0,0,9.5,38.0,24.0,12.5,4.0,1/38
2021,PWH de Silva,2,36,60,0,11,0,0,0,0,10.0,,,30.56,6.0,0/20
2021,R Ashwin,13,268,330,7,95,0,0,0,0,7.39,47.14,38.29,35.45,44.4,2/27
2021,R Parag,6,37,73,1,7,0,0,0,0,11.84,73.0,37.0,18.92,6.1,1/7
2021,R Tewatia,13,222,340,8,50,0,1,0,0,9.19,42.5,27.75,22.52,37.0,3/39
2021,RA Jadeja,16,294,346,13,104,1,1,0,0,7.06,26.62,22.62,35.37,49.0,3/13
2021,RD Chahar,11,258,318,13,93,0,2,1,0,7.4,24.46,19.85,36.05,43.0,4/27
2021,RG Sharma,2,7,13,0,0,0,0,0,0,11.14,,,0.0,1.1,0/4
2021,RP Meredith,5,102,168,4,38,0,0,0,0,9.88,42.0,25.5,37.25,17.0,1/29
2021,RV Patel,1,18,22,0,5,0,0,0,0,7.33,,,27.78,3.0,0/22
2021,Rashid Khan,14,342,380,18,134,0,1,0,0,6.67,21.11,19.0,39.18,57.0,3/36
2021,Ravi Bishnoi,9,216,230,12,87,0,1,0,0,6.39,19.17,18.0,40.28,36.0,3/24
2021,S Dube,4,30,49,0,7,0,0,0,0,9.8,,,23.33,5.0,0/5
2021,S Gopal,3,42,84,0,11,0,0,0,0,12.0,,,26.19,7.0,0/9
2021,S Kaul,8,180,247,7,70,1,0,0,0,8.23,35.29,25.71,38.89,30.0,2/31
2021,S Nadeem,1,24,36,1,9,0,0,0,0,9.0,36.0,24.0,37.5,4.0,1/36
2021,S Sandeep Warrier,1,12,15,0,6,0,0,0,0,7.5,,,50.0,2.0,0/15
2021,SM Curran,9,198,328,9,76,0,1,0,0,9.94,36.44,22.0,38.38,33.0,3/34
2021,SN Thakur,16,359,521,21,137,1,2,0,0,8.71,24.81,17.1,38.16,59.5,3/28
2021,SP Narine,14,336,361,16,131,0,2,1,0,6.45,22.56,21.0,38.99,56.0,4/21
2021,Sandeep Sharma,7,141,203,3,52,0,0,0,0,8.64,67.67,47.0,36.88,23.3,1/20
2021,Shahbaz Ahmed,6,84,92,7,21,0,1,0,0,6.57,13.14,12.0,25.0,14.0,3/7
2021,Shakib Al Hasan,8,156,187,4,50,0,0,0,0,7.19,46.75,39.0,32.05,26.0,1/1
2021,Shivam Mavi,9,193,233,11,91,0,1,1,0,7.24,21.18,17.55,47.15,32.1,4/21
2021,T Natarajan,2,48,69,2,14,0,0,0,0,8.62,34.5,24.0,29.17,8.0,1/32
2021,T Shamsi,1,24,34,0,2,0,0,0,0,8.5,,,8.33,4.0,0/34
2021,TA Boult,14,308,406,13,138,1,1,0,0,7.91,31.23,23.69,44.81,51.2,3/28
2021,TG Southee,3,72,95,3,23,0,0,0,0,7.92,31.67,24.0,31.94,12.0,2/26
2021,TK Curran,3,68,104,4,19,0,1,0,0,9.18,26.0,17.0,27.94,11.2,3/29
2021,Umran Malik,3,72,96,2,31,0,0,0,0,8.0,48.0,36.0,43.06,12.0,1/21
2021,V Shankar,5,66,100,3,22,0,0,0,0,9.09,33.33,22.0,33.33,11.0,2/19
2021,VR Iyer,4,51,69,3,14,0,0,0,0,8.12,23.0,17.0,27.45,8.3,2/29
2021,Washington Sundar,6,96,118,3,32,0,0,0,0,7.38,39.33,32.0,33.33,16.0,1/7
2021,YS Chahal,15,318,374,18,127,1,2,0,0,7.06,20.78,17.67,39.94,53.0,3/11
2022,A Badoni,2,12,11,2,4,0,0,0,0,5.5,5.5,6.0,33.33,2.0,1/5
2022,A Nortje,6,134,216,9,49,0,1,0,0,9.67,24.0,14.89,36.57,22.2,3/42
2022,AD Russell,13,169,278,17,58,0,2,1,0,9.87,16.35,9.94,34.32,28.1,4/5
2022,AF Milne,1,15,19,0,9,0,0,0,0,7.6,,,60.0,2.3,0/19
2022,AJ Tye,3,66,107,2,24,0,0,0,0,9.73,53.5,33.0,36.36,11.0,2/40
2022,AK Markram,4,36,64,1,8,0,0,0,0,10.67,64.0,36.0,22.22,6.0,1/8
2022,AR Patel,13,258,321,6,86,0,0,0,0,7.47,53.5,43.0,33.33,43.0,2/10
2022,AS Joseph,9,180,264,7,72,0,0,0,0,8.8,37.71,25.71,40.0,30.0,2/34
2022,AS Roy,2,42,55,1,11,0,0,0,0,7.86,55.0,42.0,26.19,7.0,1/28
2022,Abdul Samad,1,6,8,0,1,0,0,0,0,8.0,,,16.67,1.0,0/8
2022,Abhishek Sharma,3,24,38,0,4,0,0,0,0,9.5,,,16.67,4.0,0/10
2022,Akash Deep,5,113,203,5,40,1,1,0,0,10.78,40.6,22.6,35.4,18.5,3/45
2022,Aman Hakim Khan,1,6,13,0,1,0,0,0,0,13.0,,,16.67,1.0,0/13
2022,Arshdeep Singh,14,300,385,10,110,0,1,0,0,7.7,38.5,30.0,36.67,50.0,3/37
2022,Avesh Khan,13,286,416,18,126,1,3,1,0,8.73,23.11,15.89,44.06,47.4,4/24
2022,B Kumar,14,313,382,12,139,2,1,0,0,7.32,31.83,26.08,44.41,52.1,3/22
2022,Basil Thampi,5,96,152,5,41,1,1,0,0,9.5,30.4,19.2,42.71,16.0,3/35
2022,C Sakariya,3,66,84,3,21,0,0,0,0,7.64,28.0,22.0,31.82,11.0,2/23
2022,CJ Jordan,4,77,135,2,23,0,0,0,0,10.52,67.5,38.5,29.87,12.5,2/23
2022,CV Varun,11,234,332,6,88,0,0,0,0,8.51,55.33,39.0,37.61,39.0,1/22
2022,D Brevis,1,3,8,1,1,0,0,0,0,16.0,8.0,3.0,33.33,0.3,1/8
2022,D Pretorius,6,126,209,6,37,0,0,0,0,9.95,34.83,21.0,29.37,21.0,2/30
2022,DG Nalkande,2,31,59,2,8,0,0,0,0,11.42,29.5,15.5,25.81,5.1,2/37
2022,DJ Bravo,10,206,297,16,70,1,2,0,0,8.65,18.56,12.88,33.98,34.2,3/20
2022,DJ Hooda,2,24,43,1,5,0,0,0,0,10.75,43.0,24.0,20.83,4.0,1/31
2022,DJ Mitchell,2,12,27,0,1,0,0,0,0,13.5,,,8.33,2.0,0/7
2022,DJ Willey,4,66,72,1,27,0,0,0,0,6.55,72.0,66.0,40.91,11.0,1/29
2022,DR Sams,11,252,367,13,107,0,2,1,0,8.74,28.23,19.38,42.46,42.0,4/30
2022,FA Allen,1,24,46,1,6,0,0,0,0,11.5,46.0,24.0,25.0,4.0,1/46
2022,Fazalhaq Farooqi,3,72,110,2,24,0,0,0,0,9.17,55.0,36.0,33.33,12.0,2/32
2022,GJ Maxwell,10,144,165,6,63,1,0,0,0,6.88,27.5,24.0,43.75,24.0,2/22
2022,HH Pandya,10,183,222,8,76,0,1,0,0,7.28,27.75,22.88,41.53,30.3,3/17
2022,HR Shokeen,5,90,127,2,43,0,0,0,0,8.47,63.5,45.0,47.78,15.0,2/47
2022,HV Patel,15,321,410,19,130,2,2,1,0,7.66,21.58,16.89,40.5,53.3,4/34
2022,Harpreet Brar,5,96,146,4,38,0,1,0,0,9.12,36.5,24.0,39.58,16.0,3/26
2022,Harshit Rana,2,30,51,1,12,0,0,0,0,10.2,51.0,30.0,40.0,5.0,1/24
2022,J Suchith,5,108,140,7,49,0,0,0,0,7.78,20.0,15.43,45.37,18.0,2/12
2022,JD Unadkat,5,120,190,6,36,0,0,0,0,9.5,31.67,20.0,30.0,20.0,2/32
2022,JDS Neesham,1,18,29,0,5,0,0,0,0,9.67,,,27.78,3.0,0/29
2022,JJ Bumrah,14,320,382,15,139,2,3,1,1,7.16,25.47,21.33,43.44,53.2,5/10
2022,JO Holder,12,249,391,14,77,0,2,0,0,9.42,27.93,17.79,30.92,41.3,3/31
2022,JR Hazlewood,12,279,376,20,123,1,3,1,0,8.09,18.8,13.95,44.09,46.3,4/25
2022,K Gowtham,4,72,99,5,33,1,0,0,0,8.25,19.8,14.4,45.83,12.0,2/30
2022,K Kartikeya,4,78,102,5,30,0,0,0,0,7.85,20.4,15.6,38.46,13.0,2/22
2022,K Rabada,13,288,405,23,133,0,3,2,0,8.44,17.61,12.52,46.18,48.0,4/32
2022,KA Pollard,6,84,125,4,21,0,0,0,0,8.93,31.25,21.0,25.0,14.0,2/8
2022,KH Pandya,12,228,265,10,72,1,1,0,0,6.97,26.5,22.8,31.58,38.0,3/19
2022,KK Ahmed,10,235,315,16,110,0,2,0,0,8.04,19.69,14.69,46.81,39.1,3/25
2022,KL Nagarkoti,1,12,29,0,4,0,0,0,0,14.5,,,33.33,2.0,0/29
2022,KR Sen,7,151,237,8,59,0,1,1,0,9.42,29.62,18.88,39.07,25.1,4/20
2022,Kartik Tyagi,2,48,79,1,20,0,0,0,0,9.88,79.0,48.0,41.67,8.0,1/42
2022,Kuldeep Yadav,14,298,418,21,97,0,3,2,0,8.42,19.9,14.19,32.55,49.4,4/14
2022,LH Ferguson,13,286,427,12,116,0,2,1,0,8.96,35.58,23.83,40.56,47.4,4/28
2022,LS Livingstone,12,138,202,6,38,0,1,0,0,8.78,33.67,23.0,27.54,23.0,3/27
2022,Lalit Yadav,8,108,150,4,38,0,0,0,0,8.33,37.5,27.0,35.19,18.0,2/11
2022,M Ashwin,8,174,228,9,69,0,0,0,0,7.86,25.33,19.33,39.66,29.0,2/14
2022,M Jansen,8,192,273,7,83,0,1,0,0,8.53,39.0,27.43,43.23,32.0,3/24
2022,M Markande,2,42,57,1,11,0,0,0,0,8.14,57.0,42.0,26.19,7.0,1/26
2022,M Pathirana,2,41,52,2,20,0,0,0,0,7.61,26.0,20.5,48.78,6.5,2/24
2022,M Prasidh Krishna,17,399,548,19,200,3,2,0,0,8.24,28.84,21.0,50.13,66.3,3/22
2022,M Theekshana,9,210,261,12,68,0,2,1,0,7.46,21.75,17.5,32.38,35.0,4/33
2022,MJ Santner,6,114,130,4,43,0,0,0,0,6.84,32.5,28.5,37.72,19.0,1/15
2022,MK Lomror,2,12,18,0,3,0,0,0,0,9.0,,,25.0,2.0,0/7
2022,MM Ali,10,143,158,8,56,0,1,0,0,6.63,19.75,17.88,39.16,23.5,3/13
2022,MP Stoinis,5,42,79,4,13,0,1,0,0,11.29,19.75,10.5,30.95,7.0,3/23
2022,MR Marsh,4,72,102,4,25,0,0,0,0,8.5,25.5,18.0,34.72,12.0,2/25
2022,Mohammed Shami,16,366,488,20,172,0,2,0,0,8.0,24.4,18.3,46.99,61.0,3/25
2022,Mohammed Siraj,15,306,513,9,129,0,0,0,0,10.06,57.0,34.0,42.16,51.0,2/30
2022,Mohsin Khan,9,198,197,14,107,2,3,1,0,5.97,14.07,14.14,54.04,33.0,4/16
2022,Mukesh Choudhary,13,273,421,16,119,0,3,1,0,9.25,26.31,17.06,43.59,45.3,4/46
2022,Mustafizur Rahman,8,192,243,8,76,0,2,0,0,7.59,30.38,24.0,39.58,32.0,3/18
2022,N Rana,2,12,23,0,1,0,0,0,0,11.5,,,8.33,2.0,0/9
2022,NM Coulter-Nile,1,18,48,0,4,0,0,0,0,16.0,,,22.22,3.0,0/48
2022,NT Ellis,2,36,55,3,16,0,1,0,0,9.17,18.33,12.0,44.44,6.0,3/40
2022,Navdeep Saini,2,36,72,3,10,0,0,0,0,12.0,24.0,12.0,27.78,6.0,2/36
2022,OC McCoy,7,155,234,11,48,0,1,0,0,9.06,21.27,14.09,30.97,25.5,3/23
2022,OF Smith,6,90,178,6,36,0,1,1,0,11.87,29.67,15.0,40.0,15.0,4/30
2022,PH Solanki,2,36,38,2,12,0,0,0,0,6.33,19.0,18.0,33.33,6.0,2/20
2022,PJ Cummins,5,119,212,7,37,0,1,0,0,10.69,30.29,17.0,31.09,19.5,3/22
2022,PJ Sangwan,3,54,65,3,22,0,0,0,0,7.22,21.67,18.0,40.74,9.0,2/19
2022,PVD Chameera,12,264,384,9,122,0,0,0,0,8.73,42.67,29.33,46.21,44.0,2/17
2022,PWH de Silva,16,342,430,26,143,1,2,2,1,7.54,16.54,13.15,41.81,57.0,5/18
2022,R Ashwin,17,402,502,12,122,0,1,0,0,7.49,41.83,33.5,30.35,67.0,3/17
2022,R Dhawan,6,114,156,6,33,0,0,0,0,8.21,26.0,19.0,28.95,19.0,2/36
2022,R Parag,4,24,59,1,3,0,0,0,0,14.75,59.0,24.0,12.5,4.0,1/12
2022,R Powell,1,6,17,0,0,0,0,0,0,17.0,,,0.0,1.0,0/17
2022,R Sai Kishore,5,96,121,6,27,0,0,0,0,7.56,20.17,16.0,28.12,16.0,2/7
2022,R Sanjay Yadav,1,12,23,0,6,0,0,0,0,11.5,,,50.0,2.0,0/23
2022,R Shepherd,3,54,98,3,23,0,0,0,0,10.89,32.67,18.0,42.59,9.0,2/42
2022,R Tewatia,5,36,76,0,6,0,0,0,0,12.67,,,16.67,6.0,0/9
2022,RA Jadeja,10,198,248,5,65,0,1,0,0,7.52,49.6,39.6,32.83,33.0,3/39
2022,RD Chahar,13,280,360,14,99,1,1,0,0,7.71,25.71,20.0,35.36,46.4,3/25
2022,RP Meredith,8,168,235,8,76,0,0,0,0,8.39,29.38,21.0,45.24,28.0,2/24
2022,Ramandeep Singh,3,36,53,6,13,0,1,0,0,8.83,8.83,6.0,36.11,6.0,3/20
2022,Rashid Khan,16,383,421,19,127,0,2,1,0,6.6,22.16,20.16,33.16,63.5,4/24
2022,Rasikh Salam,2,24,28,0,8,0,0,0,0,7.0,,,33.33,4.0,0/10
2022,Ravi Bishnoi,14,324,456,13,113,0,0,0,0,8.44,35.08,24.92,34.88,54.0,2/22
2022,S Dube,2,12,35,0,1,0,0,0,0,17.5,,,8.33,2.0,0/11
2022,S Gopal,1,18,34,1,7,0,0,0,0,11.33,34.0,18.0,38.89,3.0,1/34
2022,S Kaul,1,24,43,0,6,0,0,0,0,10.75,,,25.0,4.0,0/43
2022,SA Abbott,1,24,47,1,7,0,0,0,0,11.75,47.0,24.0,29.17,4.0,1/47
2022,SN Thakur,14,290,472,15,109,1,2,1,0,9.77,31.47,19.33,37.59,48.2,4/35
2022,SP Narine,14,336,312,9,142,0,0,0,0,5.57,34.67,37.33,42.26,56.0,2/21
2022,SS Iyer,1,6,7,0,4,0,0,0,0,7.0,,,66.67,1.0,0/7
2022,Sandeep Sharma,5,120,153,2,60,0,0,0,0,7.65,76.5,60.0,50.0,20.0,1/18
2022,Shahbaz Ahmed,14,210,335,4,58,0,0,0,0,9.57,83.75,52.5,27.62,35.0,2/26
2022,Shashank Singh,2,12,20,0,1,0,0,0,0,10.0,,,8.33,2.0,0/10
2022,Shivam Mavi,6,132,227,5,49,0,0,0,0,10.32,45.4,26.4,37.12,22.0,1/33
2022,Simarjeet Singh,6,108,138,4,57,0,0,0,0,7.67,34.5,27.0,52.78,18.0,2/27
2022,T Natarajan,11,258,406,18,82,0,2,0,0,9.44,22.56,14.33,31.78,43.0,3/10
2022,TA Boult,16,372,492,16,176,3,0,0,0,7.94,30.75,23.25,47.31,62.0,2/18
2022,TG Southee,9,210,275,14,93,0,2,0,0,7.86,19.64,15.0,44.29,35.0,3/20
2022,TS Mills,5,102,190,6,30,0,1,0,0,11.18,31.67,17.0,29.41,17.0,3/35
2022,TU Deshpande,2,42,63,1,18,0,0,0,0,9.0,63.0,42.0,42.86,7.0,1/40
2022,Tilak Varma,2,12,13,0,5,0,0,0,0,6.5,,,41.67,2.0,0/6
2022,UT Yadav,12,288,339,16,143,2,2,1,0,7.06,21.19,18.0,49.65,48.0,4/23
2022,Umran Malik,14,295,444,22,141,1,4,2,1,9.03,20.18,13.41,47.8,49.1,5/25
2022,V Shankar,2,9,15,0,4,0,0,0,0,10.0,,,44.44,1.3,0/1
2022,VG Arora,5,107,164,3,39,0,0,0,0,9.2,54.67,35.67,36.45,17.5,2/21
2022,VR Aaron,2,30,52,2,7,0,0,0,0,10.4,26.0,15.0,23.33,5.0,2/45
2022,VR Iyer,4,24,46,0,3,0,0,0,0,11.5,,,12.5,4.0,0/8
2022,Washington Sundar,8,168,239,6,47,0,0,0,0,8.54,39.83,28.0,27.98,28.0,2/21
2022,YBK Jaiswal,1,1,6,0,0,0,0,0,0,36.0,,,0.0,0.1,0/6
2022,YS Chahal,17,408,525,27,137,0,4,2,1,7.72,19.44,15.11,33.58,68.0,5/40
2022,Yash Dayal,9,192,295,11,76,0,1,0,0,9.22,26.82,17.45,39.58,32.0,3/40
2023,A Badoni,1,1,0,0,1,0,0,0,0,0.0,,,100.0,0.1,0/0
2023,A Mishra,7,114,149,7,32,0,0,0,0,7.84,21.29,16.29,28.07,19.0,2/21
2023,A Nortje,10,240,364,10,96,0,0,0,0,9.1,36.4,24.0,40.0,40.0,2/20
2023,A Zampa,6,132,188,8,40,0,1,0,0,8.55,23.5,16.5,30.3,22.0,3/22
2023,AD Russell,9,91,172,7,32,0,1,0,0,11.34,24.57,13.0,35.16,15.1,3/22
2023,AJ Hosein,1,24,40,1,6,0,0,0,0,10.0,40.0,24.0,25.0,4.0,1/40
2023,AK Markram,6,49,70,1,12,0,0,0,0,8.57,70.0,49.0,24.49,8.1,1/24
2023,AR Patel,13,282,337,11,105,0,0,0,0,7.17,30.64,25.64,37.23,47.0,2/13
2023,AS Joseph,7,144,225,7,57,0,0,0,0,9.38,32.14,20.57,39.58,24.0,2/27
2023,AS Roy,3,48,65,3,20,0,0,0,0,8.12,21.67,16.0,41.67,8.0,2/19
2023,AU Rashid,2,42,56,2,14,0,0,0,0,8.0,28.0,21.0,33.33,7.0,2/23
2023,Abhishek Sharma,5,72,124,2,23,0,0,0,0,10.33,62.0,36.0,31.94,12.0,1/26
2023,Akash Deep,2,30,59,1,11,0,0,0,0,11.8,59.0,30.0,36.67,5.0,1/29
2023,Akash Madhwal,8,153,219,14,53,0,3,2,1,8.59,15.64,10.93,34.64,25.3,5/5
2023,Akash Singh,6,114,188,5,46,0,0,0,0,9.89,37.6,22.8,40.35,19.0,2/40
2023,Arjun Tendulkar,4,59,92,3,26,0,0,0,0,9.36,30.67,19.67,44.07,9.5,1/9
2023,Arshad Khan,6,85,188,5,27,0,1,0,0,13.27,37.6,17.0,31.76,14.1,3/39
2023,Arshdeep Singh,14,305,493,17,114,0,2,1,0,9.7,29.0,17.94,37.38,50.5,4/29
2023,Avesh Khan,9,174,283,8,61,0,1,0,0,9.76,35.38,21.75,35.06,29.0,3/25
2023,B Kumar,14,306,423,16,128,1,1,1,1,8.29,26.44,19.12,41.83,51.0,5/30
2023,BA Stokes,1,6,18,0,0,0,0,0,0,18.0,,,0.0,1.0,0/18
2023,C Green,16,228,360,6,88,0,0,0,0,9.47,60.0,38.0,38.6,38.0,2/41
2023,C Sakariya,2,48,89,3,17,0,0,0,0,11.12,29.67,16.0,35.42,8.0,2/53
2023,CJ Jordan,6,132,237,3,44,1,0,0,0,10.77,79.0,44.0,33.33,22.0,1/7
2023,CV Varun,14,316,429,20,124,1,3,1,0,8.15,21.45,15.8,39.24,52.4,4/15
2023,D Jansen,1,24,52,1,6,0,0,0,0,13.0,52.0,24.0,25.0,4.0,1/52
2023,D Pretorius,1,24,28,0,9,0,0,0,0,7.0,,,37.5,4.0,0/28
2023,D Wiese,1,18,38,0,3,0,0,0,0,12.67,,,16.67,3.0,0/38
2023,DG Nalkande,1,24,44,1,9,0,0,0,0,11.0,44.0,24.0,37.5,4.0,1/44
2023,DJ Hooda,1,6,8,0,1,0,0,0,0,8.0,,,16.67,1.0,0/8
2023,DJ Willey,4,90,105,3,37,1,0,0,0,7.0,35.0,30.0,41.11,15.0,2/16
2023,DL Chahar,10,204,294,13,82,0,2,0,0,8.65,22.62,15.69,40.2,34.0,3/22
2023,Fazalhaq Farooqi,4,80,117,4,34,0,0,0,0,8.78,29.25,20.0,42.5,13.2,2/41
2023,GD Phillips,2,18,20,1,6,0,0,0,0,6.67,20.0,18.0,33.33,3.0,1/10
2023,GJ Maxwell,7,62,94,3,19,0,0,0,0,9.1,31.33,20.67,30.65,10.2,1/3
2023,Gurnoor Brar,1,18,42,0,7,0,0,0,0,14.0,,,38.89,3.0,0/42
2023,H Sharma,1,18,28,0,4,0,0,0,0,9.33,,,22.22,3.0,0/28
2023,HH Pandya,11,150,227,3,63,0,0,0,0,9.08,75.67,50.0,42.0,25.0,1/10
2023,HR Shokeen,8,114,187,3,39,0,0,0,0,9.84,62.33,38.0,34.21,19.0,2/34
2023,HV Patel,13,282,454,14,87,0,1,0,0,9.66,32.43,20.14,30.85,47.0,3/32
2023,Harpreet Brar,11,163,218,9,58,0,1,1,0,8.02,24.22,18.11,35.58,27.1,4/30
2023,Harshit Rana,6,102,147,5,50,0,0,0,0,8.65,29.4,20.4,49.02,17.0,2/33
2023,I Sharma,8,150,205,10,69,0,0,0,0,8.2,20.5,15.0,46.0,25.0,2/19
2023,J Little,10,204,293,7,75,0,0,0,0,8.62,41.86,29.14,36.76,34.0,2/25
2023,J Yadav,1,24,26,0,8,0,0,0,0,6.5,,,33.33,4.0,0/26
2023,JC Archer,5,120,190,2,49,0,0,0,0,9.5,95.0,60.0,40.83,20.0,1/35
2023,JD Unadkat,3,48,92,0,15,0,0,0,0,11.5,,,31.25,8.0,0/26
2023,JE Root,1,12,14,0,2,0,0,0,0,7.0,,,16.67,2.0,0/14
2023,JO Holder,8,171,284,4,46,0,0,0,0,9.96,71.0,42.75,26.9,28.3,2/29
2023,JP Behrendorff,12,252,386,14,92,0,2,0,0,9.19,27.57,18.0,36.51,42.0,3/23
2023,JR Hazlewood,3,54,76,3,29,0,0,0,0,8.44,25.33,18.0,53.7,9.0,2/15
2023,K Gowtham,6,96,118,3,39,0,0,0,0,7.38,39.33,32.0,40.62,16.0,1/10
2023,K Kartikeya,8,156,227,5,44,0,0,0,0,8.73,45.4,31.2,28.21,26.0,2/37
2023,K Khejroliya,2,26,64,2,7,0,0,0,0,14.77,32.0,13.0,26.92,4.2,2/44
2023,K Rabada,6,138,232,7,62,0,0,0,0,10.09,33.14,19.71,44.93,23.0,2/34
2023,K Yadav,2,42,68,2,9,0,0,0,0,9.71,34.0,21.0,21.43,7.0,1/18
2023,KH Pandya,12,252,313,9,96,0,1,0,0,7.45,34.78,28.0,38.1,42.0,3/18
2023,KK Ahmed,9,198,301,9,89,2,0,0,0,9.12,33.44,22.0,44.95,33.0,2/24
2023,KM Asif,4,84,138,3,28,0,0,0,0,9.86,46.0,28.0,33.33,14.0,2/42
2023,KR Mayers,6,42,59,0,14,0,0,0,0,8.43,,,33.33,7.0,0/4
2023,KR Sen,2,18,28,0,6,0,0,0,0,9.33,,,33.33,3.0,0/8
2023,KV Sharma,7,129,223,10,39,0,0,0,0,10.37,22.3,12.9,30.23,21.3,2/19
2023,Kartik Tyagi,3,37,91,1,10,0,0,0,0,14.76,91.0,37.0,27.03,6.1,1/29
2023,Kuldeep Yadav,14,294,361,10,86,1,0,0,0,7.37,36.1,29.4,29.25,49.0,2/15
2023,LH Ferguson,3,46,96,1,16,0,0,0,0,12.52,96.0,46.0,34.78,7.4,1/19
2023,LS Livingstone,5,42,94,2,5,0,0,0,0,13.43,47.0,21.0,11.9,7.0,1/19
2023,Lalit Yadav,4,78,117,2,24,0,0,0,0,9.0,58.5,39.0,30.77,13.0,1/29
2023,M Ashwin,2,24,53,0,3,0,0,0,0,13.25,,,12.5,4.0,0/11
2023,M Jansen,8,162,267,10,69,1,0,0,0,9.89,26.7,16.2,42.59,27.0,2/16
2023,M Markande,10,228,300,12,76,0,1,1,0,7.89,25.0,19.0,33.33,38.0,4/15
2023,M Pathirana,12,278,370,19,104,0,2,0,0,7.99,19.47,14.63,37.41,46.2,3/15
2023,M Theekshana,13,294,392,11,87,1,0,0,0,8.0,35.64,26.73,29.59,49.0,2/23
2023,MA Wood,4,96,130,11,48,1,2,1,1,8.12,11.82,8.73,50.0,16.0,5/14
2023,MG Bracewell,5,66,95,6,26,0,0,0,0,8.64,15.83,11.0,39.39,11.0,2/13
2023,MJ Santner,3,72,81,3,22,0,0,0,0,6.75,27.0,24.0,30.56,12.0,2/28
2023,MK Lomror,2,12,17,0,3,0,0,0,0,8.5,,,25.0,2.0,0/4
2023,MM Ali,11,156,195,9,57,0,1,1,0,7.5,21.67,17.33,36.54,26.0,4/26
2023,MM Sharma,14,265,361,27,87,0,4,3,1,8.17,13.37,9.81,32.83,44.1,5/10
2023,MP Stoinis,5,65,98,5,23,0,0,0,0,9.05,19.6,13.0,35.38,10.5,2/20
2023,MR Marsh,8,121,170,12,36,1,2,1,0,8.43,14.17,10.08,29.75,20.1,4/27
2023,MW Short,3,24,25,0,11,0,0,0,0,6.25,,,45.83,4.0,0/7
2023,Mayank Dagar,3,66,83,1,22,0,0,0,0,7.55,83.0,66.0,33.33,11.0,1/37
2023,Mohammed Shami,17,390,522,28,193,2,5,2,0,8.03,18.64,13.93,49.49,65.0,4/11
2023,Mohammed Siraj,14,300,372,19,162,0,2,1,0,7.44,19.58,15.79,54.0,50.0,4/21
2023,Mohit Rathee,1,12,29,0,3,0,0,0,0,14.5,,,25.0,2.0,0/29
2023,Mohsin Khan,4,60,107,3,23,0,0,0,0,10.7,35.67,20.0,38.33,10.0,1/24
2023,Mukesh Kumar,10,186,326,7,65,0,0,0,0,10.52,46.57,26.57,34.95,31.0,2/30
2023,Mustafizur Rahman,2,42,79,1,13,0,0,0,0,11.29,79.0,42.0,30.95,7.0,1/38
2023,N Rana,6,53,75,3,18,0,0,0,0,8.49,25.0,17.67,33.96,8.5,2/17
2023,NA Saini,1,12,34,0,3,0,0,0,0,17.0,,,25.0,2.0,0/34
2023,NT Ellis,10,228,339,13,68,0,1,1,0,8.92,26.08,17.54,29.82,38.0,4/30
2023,Navdeep Saini,1,24,40,3,9,0,1,0,0,10.0,13.33,8.0,37.5,4.0,3/40
2023,Naveen-ul-Haq,7,168,217,11,68,0,3,1,0,7.75,19.73,15.27,40.48,28.0,4/36
2023,Nithish Kumar Reddy,2,30,54,0,10,0,0,0,0,10.8,,,33.33,5.0,0/19
2023,Noor Ahmad,13,283,369,16,103,0,1,0,0,7.82,23.06,17.69,36.4,47.1,3/37
2023,OC McCoy,1,6,13,0,2,0,0,0,0,13.0,,,33.33,1.0,0/13
2023,P Dubey,1,18,19,1,8,0,0,0,0,6.33,19.0,18.0,44.44,3.0,1/19
2023,PP Chawla,16,366,495,22,121,0,1,0,0,8.11,22.5,16.64,33.06,61.0,3/22
2023,PWH de Silva,8,174,258,9,55,0,0,0,0,8.9,28.67,19.33,31.61,29.0,2/24
2023,R Ashwin,13,294,368,14,90,0,0,0,0,7.51,26.29,21.0,30.61,49.0,2/23
2023,R Dhawan,4,42,60,1,20,0,0,0,0,8.57,60.0,42.0,47.62,7.0,1/20
2023,R Goyal,1,24,33,0,7,0,0,0,0,8.25,,,29.17,4.0,0/33
2023,R Powell,1,12,18,1,4,0,0,0,0,9.0,18.0,12.0,33.33,2.0,1/18
2023,R Tewatia,2,13,15,0,7,0,0,0,0,6.92,,,53.85,2.1,0/7
2023,RA Jadeja,16,342,431,20,107,0,2,0,0,7.56,21.55,17.1,31.29,57.0,3/20
2023,RD Chahar,14,298,385,8,96,0,0,0,0,7.75,48.12,37.25,32.21,49.4,2/16
2023,RJW Topley,1,12,14,1,7,0,0,0,0,7.0,14.0,12.0,58.33,2.0,1/14
2023,RP Meredith,5,118,207,7,42,0,0,0,0,10.53,29.57,16.86,35.59,19.4,2/33
2023,RS Hangargekar,2,36,59,3,14,0,1,0,0,9.83,19.67,12.0,38.89,6.0,3/35
2023,Rashid Khan,17,402,552,27,134,0,4,1,0,8.24,20.44,14.89,33.33,67.0,4/30
2023,Ravi Bishnoi,14,303,391,16,97,0,1,0,0,7.74,24.44,18.94,32.01,50.3,3/28
2023,SM Curran,14,287,489,10,85,0,1,0,0,10.22,48.9,28.7,29.62,47.5,3/31
2023,SN Thakur,9,126,220,7,34,0,0,0,0,10.48,31.43,18.0,26.98,21.0,2/23
2023,SP Narine,14,288,383,11,87,0,1,0,0,7.98,34.82,26.18,30.21,48.0,3/33
2023,SSB Magala,2,36,51,1,6,0,0,0,0,8.5,51.0,36.0,16.67,6.0,1/37
2023,Sandeep Sharma,12,276,395,10,95,0,0,0,0,8.59,39.5,27.6,34.42,46.0,2/25
2023,Shahbaz Ahmed,5,42,95,1,9,0,0,0,0,13.57,95.0,42.0,21.43,7.0,1/38
2023,Sikandar Raza,6,72,119,3,20,0,0,0,0,9.92,39.67,24.0,27.78,12.0,1/19
2023,Suyash Sharma,11,234,321,10,83,0,1,0,0,8.23,32.1,23.4,35.47,39.0,3/30
2023,Swapnil Singh,2,12,18,0,2,0,0,0,0,9.0,,,16.67,2.0,0/7
2023,T Natarajan,12,270,409,10,75,0,0,0,0,9.09,40.9,27.0,27.78,45.0,2/23
2023,T Stubbs,1,12,14,1,3,0,0,0,0,7.0,14.0,12.0,25.0,2.0,1/14
2023,TA Boult,10,228,312,13,107,3,1,0,0,8.21,24.0,17.54,46.93,38.0,3/29
2023,TG Southee,2,36,79,2,12,0,0,0,0,13.17,39.5,18.0,33.33,6.0,2/54
2023,TU Deshpande,16,341,560,21,137,0,2,0,0,9.85,26.67,16.24,40.18,56.5,3/45
2023,Tilak Varma,1,6,7,0,3,0,0,0,0,7.0,,,50.0,1.0,0/7
2023,UT Yadav,8,114,189,1,42,0,0,0,0,9.95,189.0,114.0,36.84,19.0,1/27
2023,Umran Malik,8,120,217,5,43,0,0,0,0,10.85,43.4,24.0,35.83,20.0,2/32
2023,VG Arora,5,96,145,5,33,0,0,0,0,9.06,29.0,19.2,34.38,16.0,2/30
2023,Vijaykumar Vyshak,7,144,253,9,40,0,1,0,0,10.54,28.11,16.0,27.78,24.0,3/20
2023,Vivrant Sharma,2,18,37,0,5,0,0,0,0,12.33,,,27.78,3.0,0/18
2023,WD Parnell,7,151,234,9,56,0,2,0,0,9.3,26.0,16.78,37.09,25.1,3/10
2023,Washington Sundar,7,106,146,3,35,0,1,0,0,8.26,48.67,35.33,33.02,17.4,3/28
2023,YS Chahal,14,317,432,21,97,0,4,3,0,8.18,20.57,15.1,30.6,52.5,4/17
2023,Yash Dayal,5,84,164,2,24,0,0,0,0,11.71,82.0,42.0,28.57,14.0,1/30
2023,Yash Thakur,9,191,289,13,70,0,2,1,0,9.08,22.23,14.69,36.65,31.5,4/37
2023,Yudhvir Singh,3,48,70,3,25,0,0,0,0,8.75,23.33,16.0,52.08,8.0,2/19
2024,A Badoni,2,12,25,0,1,0,0,0,0,12.5,,,8.33,2.0,0/6
2024,A Kamboj,3,60,112,2,20,0,0,0,0,11.2,56.0,30.0,33.33,10.0,1/24
2024,A Mishra,1,12,20,1,5,0,0,0,0,10.0,20.0,12.0,41.67,2.0,1/20
2024,A Nortje,6,132,294,7,40,0,1,0,0,13.36,42.0,18.86,30.3,22.0,3/59
2024,AD Russell,14,176,294,19,68,0,2,0,0,10.02,15.47,9.26,38.64,29.2,3/19
2024,AK Markram,2,12,15,0,4,0,0,0,0,7.5,,,33.33,2.0,0/5
2024,AR Patel,14,264,337,11,80,0,0,0,0,7.66,30.64,24.0,30.3,44.0,2/25
2024,AS Joseph,3,58,115,1,18,0,0,0,0,11.9,115.0,58.0,31.03,9.4,1/43
2024,AS Roy,3,34,60,0,13,0,0,0,0,10.59,,,38.24,5.4,0/6
2024,Abhishek Sharma,4,42,51,2,12,0,0,0,0,7.29,25.5,21.0,28.57,7.0,2/24
2024,Akash Deep,1,21,55,1,6,0,0,0,0,15.71,55.0,21.0,28.57,3.3,1/55
2024,Akash Madhwal,5,109,205,5,36,0,1,0,0,11.28,41.0,21.8,33.03,18.1,3/20
2024,Arjun Tendulkar,1,14,22,0,7,0,0,0,0,9.43,,,50.0,2.2,0/22
2024,Arshad Khan,3,49,89,1,19,0,0,0,0,10.9,89.0,49.0,38.78,8.1,1/44
2024,Arshad Khan (2),1,12,24,0,5,0,0,0,0,12.0,,,41.67,2.0,0/24
2024,Arshdeep Singh,14,302,503,19,114,0,1,1,0,9.99,26.47,15.89,37.75,50.2,4/29
2024,Atharva Taide,1,1,4,0,0,0,0,0,0,24.0,,,0.0,0.1,0/4
2024,Avesh Khan,15,329,524,19,101,0,2,0,0,9.56,27.58,17.32,30.7,54.5,3/27
2024,Azmatullah Omarzai,7,126,186,4,57,0,0,0,0,8.86,46.5,31.5,45.24,21.0,2/27
2024,B Kumar,16,342,529,11,136,2,1,0,0,9.28,48.09,31.09,39.77,57.0,3/41
2024,C Green,13,211,303,10,72,0,0,0,0,8.62,30.3,21.1,34.12,35.1,2/12
2024,CV Varun,14,300,402,21,125,0,3,0,0,8.04,19.14,14.29,41.67,50.0,3/16
2024,DG Nalkande,3,29,45,3,7,0,0,0,0,9.31,15.0,9.67,24.14,4.5,2/21
2024,DJ Hooda,2,18,22,0,4,0,0,0,0,7.33,,,22.22,3.0,0/9
2024,DJ Mitchell,2,36,70,1,4,0,0,0,0,11.67,70.0,36.0,11.11,6.0,1/18
2024,DL Chahar,8,141,202,5,60,0,0,0,0,8.6,40.4,28.2,42.55,23.3,2/28
2024,G Coetzee,10,201,340,13,81,0,2,1,0,10.15,26.15,15.46,40.3,33.3,4/34
2024,GJ Maxwell,6,96,129,6,34,0,0,0,0,8.06,21.5,16.0,35.42,16.0,2/23
2024,Gulbadin Naib,1,6,12,0,1,0,0,0,0,12.0,,,16.67,1.0,0/12
2024,H Sharma,1,12,29,0,0,0,0,0,0,14.5,,,0.0,2.0,0/29
2024,HH Pandya,12,216,385,11,65,0,1,0,0,10.69,35.0,19.64,30.09,36.0,3/31
2024,HV Patel,14,294,476,24,85,0,4,0,0,9.71,19.83,12.25,28.91,49.0,3/15
2024,Harpreet Brar,13,228,303,7,74,0,0,0,0,7.97,43.29,32.57,32.46,38.0,2/13
2024,Harshit Rana,11,253,383,19,95,1,2,0,0,9.08,20.16,13.32,37.55,42.1,3/24
2024,I Sharma,9,162,262,10,63,0,1,0,0,9.7,26.2,16.2,38.89,27.0,3/33
2024,J Little,1,24,45,4,9,0,1,1,0,11.25,11.25,6.0,37.5,4.0,4/45
2024,JA Richardson,1,24,40,0,8,0,0,0,0,10.0,,,33.33,4.0,0/40
2024,JD Unadkat,11,187,318,8,44,0,1,0,0,10.2,39.75,23.38,23.53,31.1,3/30
2024,JJ Bumrah,13,311,336,20,149,0,4,1,1,6.48,16.8,15.55,47.91,51.5,5/21
2024,K Gowtham,1,12,29,0,5,0,0,0,0,14.5,,,41.67,2.0,0/29
2024,K Rabada,11,252,371,11,101,0,0,0,0,8.83,33.73,22.91,40.08,42.0,2/18
2024,KA Maharaj,2,36,39,2,11,0,0,0,0,6.5,19.5,18.0,30.56,6.0,2/23
2024,KH Pandya,12,198,255,6,58,0,1,0,0,7.73,42.5,33.0,29.29,33.0,3/11
2024,KK Ahmed,14,300,474,17,130,2,0,0,0,9.48,27.88,17.65,43.33,50.0,2/20
2024,KR Sen,3,72,122,6,24,0,1,0,0,10.17,20.33,12.0,33.33,12.0,3/41
2024,KT Maphaka,2,36,89,1,12,0,0,0,0,14.83,89.0,36.0,33.33,6.0,1/23
2024,KV Sharma,9,144,254,7,41,0,0,0,0,10.58,36.29,20.57,28.47,24.0,2/29
2024,Kartik Tyagi,1,24,51,0,5,0,0,0,0,12.75,,,20.83,4.0,0/51
2024,Kuldeep Yadav,11,258,372,16,83,0,2,1,0,8.65,23.25,16.12,32.17,43.0,4/55
2024,L Wood,2,36,92,1,9,0,0,0,0,15.33,92.0,36.0,25.0,6.0,1/68
2024,LB Williams,2,36,72,1,13,0,0,0,0,12.0,72.0,36.0,36.11,6.0,1/38
2024,LH Ferguson,7,144,255,9,43,0,0,0,0,10.62,28.33,16.0,29.86,24.0,2/23
2024,LS Livingstone,4,72,84,3,26,0,0,0,0,7.0,28.0,24.0,36.11,12.0,2/19
2024,Lalit Yadav,2,18,56,0,3,0,0,0,0,18.67,,,16.67,3.0,0/15
2024,M Jansen,3,60,129,1,20,0,0,0,0,12.9,129.0,60.0,33.33,10.0,1/45
2024,M Markande,7,132,259,8,29,0,0,0,0,11.77,32.38,16.5,21.97,22.0,2/26
2024,M Pathirana,6,132,168,13,54,0,2,1,0,7.64,12.92,10.15,40.91,22.0,4/28
2024,M Shahrukh Khan,2,12,15,0,4,0,0,0,0,7.5,,,33.33,2.0,0/7
2024,M Siddharth,3,54,71,1,22,0,0,0,0,7.89,71.0,54.0,40.74,9.0,1/21
2024,M Theekshana,5,120,144,2,46,0,0,0,0,7.2,72.0,60.0,38.33,20.0,1/27
2024,MA Starc,13,251,444,17,105,0,3,1,0,10.61,26.12,14.76,41.83,41.5,4/33
2024,MJ Henry,4,72,110,1,26,0,0,0,0,9.17,110.0,72.0,36.11,12.0,1/28
2024,MJ Santner,3,54,64,2,23,0,0,0,0,7.11,32.0,27.0,42.59,9.0,1/10
2024,MJ Suthar,1,12,26,0,4,0,0,0,0,13.0,,,33.33,2.0,0/26
2024,MK Lomror,1,6,17,0,1,0,0,0,0,17.0,,,16.67,1.0,0/17
2024,MM Ali,4,48,71,2,12,0,0,0,0,8.88,35.5,24.0,25.0,8.0,2/23
2024,MM Sharma,11,234,425,13,55,0,2,0,0,10.9,32.69,18.0,23.5,39.0,3/25
2024,MP Stoinis,7,84,126,4,33,0,0,0,0,9.0,31.5,21.0,39.29,14.0,1/3
2024,MP Yadav,4,73,85,7,42,0,2,0,0,6.99,12.14,10.43,57.53,12.1,3/14
2024,MR Marsh,3,48,103,1,9,0,0,0,0,12.88,103.0,48.0,18.75,8.0,1/37
2024,Mayank Dagar,5,71,120,1,22,0,0,0,0,10.14,120.0,71.0,30.99,11.5,1/23
2024,Mohammad Nabi,6,74,109,2,19,0,0,0,0,8.84,54.5,37.0,25.68,12.2,1/16
2024,Mohammed Siraj,14,324,492,15,129,0,1,0,0,9.11,32.8,21.6,39.81,54.0,3/43
2024,Mohsin Khan,10,228,384,10,82,0,0,0,0,10.11,38.4,22.8,35.96,38.0,2/29
2024,Mukesh Choudhary,1,6,27,0,2,0,0,0,0,27.0,,,33.33,1.0,0/27
2024,Mukesh Kumar,10,213,367,17,72,0,3,0,0,10.34,21.59,12.53,33.8,35.3,3/13
2024,Mustafizur Rahman,9,206,317,14,81,1,1,1,0,9.23,22.64,14.71,39.32,34.2,4/29
2024,N Burger,5,102,145,7,50,0,0,0,0,8.53,20.71,14.57,49.02,17.0,2/29
2024,N Thushara,7,156,256,8,51,0,2,0,0,9.85,32.0,19.5,32.69,26.0,3/27
2024,N Wadhera,1,12,13,0,2,0,0,0,0,6.5,,,16.67,2.0,0/13
2024,NT Ellis,1,24,24,1,10,0,0,0,0,6.0,24.0,24.0,41.67,4.0,1/24
2024,Naman Dhir,3,28,55,0,3,0,0,0,0,11.79,,,10.71,4.4,0/13
2024,Naveen-ul-Haq,10,219,371,14,72,0,1,0,0,10.16,26.5,15.64,32.88,36.3,3/49
2024,Nithish Kumar Reddy,7,79,153,3,20,0,0,0,0,11.62,51.0,26.33,25.32,13.1,2/17
2024,Noor Ahmad,10,209,290,8,75,0,0,0,0,8.33,36.25,26.12,35.89,34.5,2/20
2024,PJ Cummins,16,366,566,18,125,1,1,0,0,9.28,31.44,20.33,34.15,61.0,3/43
2024,PP Chawla,11,210,312,13,65,0,2,0,0,8.91,24.0,16.15,30.95,35.0,3/29
2024,PVD Chameera,1,18,48,0,6,0,0,0,0,16.0,,,33.33,3.0,0/48
2024,R Ashwin,14,330,467,9,89,0,1,0,0,8.49,51.89,36.67,26.97,55.0,3/24
2024,R Dhawan,1,18,35,0,5,0,0,0,0,11.67,,,27.78,3.0,0/35
2024,R Parag,2,18,27,0,5,0,0,0,0,9.0,,,27.78,3.0,0/10
2024,R Ravindra,2,12,7,0,5,0,0,0,0,3.5,,,41.67,2.0,0/3
2024,R Sai Kishore,5,90,137,7,30,0,1,1,0,9.13,19.57,12.86,33.33,15.0,4/33
2024,R Shepherd,5,72,159,1,18,0,0,0,0,13.25,159.0,72.0,25.0,12.0,1/54
2024,RA Jadeja,14,282,369,8,75,0,2,0,0,7.85,46.12,35.25,26.6,47.0,3/18
2024,RD Chahar,9,186,279,10,56,0,1,0,0,9.0,27.9,18.6,30.11,31.0,3/23
2024,RJ Gleeson,2,47,71,1,20,0,0,0,0,9.06,71.0,47.0,42.55,7.5,1/30
2024,RJW Topley,4,90,168,4,31,0,0,0,0,11.2,42.0,22.5,34.44,15.0,2/27
2024,Ramandeep Singh,1,4,9,0,0,0,0,0,0,13.5,,,0.0,0.4,0/9
2024,Rashid Khan,12,262,367,10,84,0,0,0,0,8.4,36.7,26.2,32.06,43.4,2/38
2024,Rasikh Salam,8,147,268,9,42,0,2,0,0,10.94,29.78,16.33,28.57,24.3,3/33
2024,Ravi Bishnoi,14,262,383,10,89,0,0,0,0,8.77,38.3,26.2,33.97,43.4,2/25
2024,S Dube,1,6,14,1,1,0,0,0,0,14.0,14.0,6.0,16.67,1.0,1/14
2024,S Gopal,3,42,67,3,10,0,0,0,0,9.57,22.33,14.0,23.81,7.0,1/9
2024,S Joseph,1,24,45,0,12,0,0,0,0,11.25,,,50.0,4.0,0/45
2024,S Sandeep Warrier,5,66,119,6,31,0,1,0,0,10.82,19.83,11.0,46.97,11.0,3/15
2024,SH Johnson,5,96,151,4,35,0,0,0,0,9.44,37.75,24.0,36.46,16.0,2/25
2024,SM Curran,13,246,415,16,84,0,1,0,0,10.12,25.94,15.38,34.15,41.0,3/28
2024,SN Thakur,9,190,309,5,48,0,0,0,0,9.76,61.8,38.0,25.26,31.4,2/61
2024,SP Narine,14,330,368,17,127,0,0,0,0,6.69,21.65,19.41,38.48,55.0,2/22
2024,SZ Mulani,2,30,56,0,7,0,0,0,0,11.2,,,23.33,5.0,0/24
2024,Sandeep Sharma,10,228,311,13,75,0,1,1,1,8.18,23.92,17.54,32.89,38.0,5/18
2024,Shahbaz Ahmed,15,165,270,7,52,0,1,0,0,9.82,38.57,23.57,31.52,27.3,3/23
2024,Shashank Singh,1,6,5,1,1,0,0,0,0,5.0,5.0,6.0,16.67,1.0,1/5
2024,Sikandar Raza,1,12,22,0,2,0,0,0,0,11.0,,,16.67,2.0,0/22
2024,Simarjeet Singh,4,72,120,5,28,0,1,0,0,10.0,24.0,14.4,38.89,12.0,3/26
2024,Sumit Kumar,2,20,37,0,4,0,0,0,0,11.1,,,20.0,3.2,0/18
2024,Suyash Sharma,2,24,51,0,5,0,0,0,0,12.75,,,20.83,4.0,0/18
2024,Swapnil Singh,7,90,133,6,27,0,0,0,0,8.87,22.17,15.0,30.0,15.0,2/28
2024,T Natarajan,14,308,463,19,112,1,2,1,0,9.02,24.37,16.21,36.36,51.2,4/19
2024,T Stubbs,2,12,15,3,6,0,0,0,0,7.5,5.0,4.0,50.0,2.0,2/11
2024,TA Boult,15,320,443,16,137,0,2,0,0,8.31,27.69,20.0,42.81,53.2,3/22
2024,TM Head,1,10,32,0,2,0,0,0,0,19.2,,,20.0,1.4,0/32
2024,TU Deshpande,13,288,423,17,118,0,2,1,0,8.81,24.88,16.94,40.97,48.0,4/27
2024,Tilak Varma,1,4,8,0,0,0,0,0,0,12.0,,,0.0,0.4,0/8
2024,UT Yadav,7,126,209,8,56,0,0,0,0,9.95,26.12,15.75,44.44,21.0,2/22
2024,Umran Malik,1,6,15,0,2,0,0,0,0,15.0,,,33.33,1.0,0/15
2024,V Kaverappa,1,24,36,2,11,0,0,0,0,9.0,18.0,12.0,45.83,4.0,2/36
2024,V Viyaskanth,3,60,86,1,19,0,0,0,0,8.6,86.0,60.0,31.67,10.0,1/37
2024,VG Arora,10,180,273,11,79,0,1,0,0,9.1,24.82,16.36,43.89,30.0,3/27
2024,VR Iyer,1,6,28,0,0,0,0,0,0,28.0,,,0.0,1.0,0/28
2024,Vijaykumar Vyshak,4,87,142,4,24,0,0,0,0,9.79,35.5,21.75,27.59,14.3,2/23
2024,WG Jacks,5,54,100,2,11,0,0,0,0,11.11,50.0,27.0,20.37,9.0,1/23
2024,Washington Sundar,2,30,73,1,3,0,0,0,0,14.6,73.0,30.0,10.0,5.0,1/46
2024,YS Chahal,15,348,546,18,100,0,1,0,0,9.41,30.33,19.33,28.74,58.0,3/11
2024,Yash Dayal,14,301,457,15,122,0,1,0,0,9.11,30.47,20.07,40.53,50.1,3/20
2024,Yash Thakur,10,213,400,11,68,1,1,1,1,11.27,36.36,19.36,31.92,35.3,5/30
2024,Yudhvir Singh,2,24,52,1,5,0,0,0,0,13.0,52.0,24.0,20.83,4.0,1/24
2025,A Badoni,2,10,13,2,3,0,0,0,0,7.8,6.5,5.0,30.0,1.4,2/4
2025,A Kamboj,8,129,172,8,56,0,1,0,0,8.0,21.5,16.12,43.41,21.3,3/13
2025,A Nortje,2,42,83,1,17,0,0,0,0,11.86,83.0,42.0,40.48,7.0,1/23
2025,A Zampa,2,48,94,2,10,0,0,0,0,11.75,47.0,24.0,20.83,8.0,1/46
2025,AD Russell,9,109,217,8,29,0,0,0,0,11.94,27.12,13.62,26.61,18.1,2/21
2025,AK Markram,5,66,102,4,15,0,0,0,0,9.27,25.5,16.5,22.73,11.0,2/30
2025,AR Patel,12,216,313,5,67,0,0,0,0,8.69,62.6,43.2,31.02,36.0,2/19
2025,AS Roy,1,24,27,1,8,0,0,0,0,6.75,27.0,24.0,33.33,4.0,1/27
2025,Abdul Samad,1,2,6,0,1,0,0,0,0,18.0,,,50.0,0.2,0/6
2025,Abhishek Sharma,6,66,112,0,22,0,0,0,0,10.18,,,33.33,11.0,0/5
2025,Akash Deep,6,114,229,3,35,0,0,0,0,12.05,76.33,38.0,30.7,19.0,2/55
2025,Akash Madhwal,4,90,164,4,23,0,1,0,0,10.93,41.0,22.5,25.56,15.0,3/29
2025,Akash Singh,3,67,99,4,20,0,0,0,0,8.87,24.75,16.75,29.85,11.1,2/30
2025,Arshad Khan,9,126,216,6,49,0,0,0,0,10.29,36.0,21.0,38.89,21.0,1/7
2025,Arshdeep Singh,16,350,518,21,137,1,3,0,0,8.88,24.67,16.67,39.14,58.2,3/16
2025,Ashwani Kumar,7,123,232,11,37,0,1,1,0,11.32,21.09,11.18,30.08,20.3,4/24
2025,Avesh Khan,13,284,487,13,77,0,1,0,0,10.29,37.46,21.85,27.11,47.2,3/37
2025,Azmatullah Omarzai,8,162,279,8,46,0,0,0,0,10.33,34.88,20.25,28.4,27.0,2/33
2025,B Kumar,14,312,483,17,123,0,1,0,0,9.29,28.41,18.35,39.42,52.0,3/33
2025,C Bosch,2,42,55,1,24,0,0,0,0,7.86,55.0,42.0,57.14,7.0,1/26
2025,C Sakariya,1,18,39,0,3,0,0,0,0,13.0,,,16.67,3.0,0/39
2025,CV Varun,13,300,383,17,117,0,1,0,0,7.66,22.53,17.65,39.0,50.0,3/22
2025,DJ Hooda,1,6,15,0,1,0,0,0,0,15.0,,,16.67,1.0,0/15
2025,DL Chahar,14,246,376,11,108,1,0,0,0,9.17,34.18,22.36,43.9,41.0,2/12
2025,DS Rathi,13,312,429,14,98,0,0,0,0,8.25,30.64,22.29,31.41,52.0,2/30
2025,E Malinga,7,160,238,13,56,0,1,0,0,8.92,18.31,12.31,35.0,26.4,3/31
2025,Fazalhaq Farooqi,5,102,210,0,25,0,0,0,0,12.35,,,24.51,17.0,0/30
2025,G Coetzee,4,72,130,2,21,0,0,0,0,10.83,65.0,36.0,29.17,12.0,1/10
2025,GJ Maxwell,6,78,110,4,28,0,0,0,0,8.46,27.5,19.5,35.9,13.0,1/5
2025,HH Pandya,14,210,338,14,67,0,1,1,1,9.66,24.14,15.0,31.9,35.0,5/36
2025,HV Patel,13,263,428,16,85,0,2,2,0,9.76,26.75,16.44,32.32,43.5,4/28
2025,Harpreet Brar,7,132,190,10,40,0,1,0,0,8.64,19.0,13.2,30.3,22.0,3/22
2025,Harsh Dubey,3,60,98,5,18,0,1,0,0,9.8,19.6,12.0,30.0,10.0,3/34
2025,Harshit Rana,13,264,448,15,105,0,1,0,0,10.18,29.87,17.6,39.77,44.0,3/25
2025,I Sharma,7,110,204,4,35,0,0,0,0,11.13,51.0,27.5,31.82,18.2,1/18
2025,Ishan Kishan,1,1,4,0,0,0,0,0,0,24.0,,,0.0,0.1,0/4
2025,J Overton,3,36,82,0,10,0,0,0,0,13.67,,,27.78,6.0,0/24
2025,JC Archer,12,273,430,11,110,1,1,0,0,9.45,39.09,24.82,40.29,45.3,3/25
2025,JD Unadkat,7,143,175,11,54,0,2,0,0,7.34,15.91,13.0,37.76,23.5,3/24
2025,JJ Bumrah,12,284,316,18,128,0,2,1,0,6.68,17.56,15.78,45.07,47.2,4/22
2025,JR Hazlewood,12,264,386,22,120,0,4,1,0,8.77,17.55,12.0,45.45,44.0,4/33
2025,K Kartikeya,4,48,78,2,16,0,0,0,0,9.75,39.0,24.0,33.33,8.0,1/21
2025,K Khejroliya,1,18,29,1,4,0,0,0,0,9.67,29.0,18.0,22.22,3.0,1/29
2025,K Rabada,4,84,161,2,24,0,0,0,0,11.5,80.5,42.0,28.57,14.0,1/40
2025,KA Jamieson,4,90,147,5,34,1,1,0,0,9.8,29.4,18.0,37.78,15.0,3/48
2025,KH Pandya,15,276,378,17,84,0,2,1,0,8.22,22.24,16.24,30.43,46.0,4/44
2025,KK Ahmed,14,280,447,15,137,0,1,0,0,9.58,29.8,18.67,48.93,46.4,3/29
2025,KT Maphaka,2,30,53,1,12,0,0,0,0,10.6,53.0,30.0,40.0,5.0,1/32
2025,KV Sharma,5,90,128,7,27,0,2,0,0,8.53,18.29,12.86,30.0,15.0,3/23
2025,Karim Janat,1,6,30,0,0,0,0,0,0,30.0,,,0.0,1.0,0/30
2025,Kuldeep Yadav,14,318,390,15,108,0,1,0,0,7.36,26.0,21.2,33.96,53.0,3/22
2025,L Ngidi,2,48,81,4,13,0,1,0,0,10.12,20.25,12.0,27.08,8.0,3/30
2025,LH Ferguson,4,68,104,5,28,0,0,0,0,9.18,20.8,13.6,41.18,11.2,2/37
2025,LS Livingstone,5,54,76,2,10,0,0,0,0,8.44,38.0,27.0,18.52,9.0,2/28
2025,M Jansen,14,283,433,16,116,0,1,0,0,9.18,27.06,17.69,40.99,47.1,3/17
2025,M Pathirana,12,251,423,13,82,0,1,0,0,10.11,32.54,19.31,32.67,41.5,3/36
2025,M Prasidh Krishna,15,354,488,25,146,0,2,1,0,8.27,19.52,14.16,41.24,59.0,4/41
2025,M Shahrukh Khan,1,6,13,1,1,0,0,0,0,13.0,13.0,6.0,16.67,1.0,1/13
2025,M Siddharth,2,42,67,2,12,0,0,0,0,9.57,33.5,21.0,28.57,7.0,2/39
2025,M Theekshana,11,252,408,11,72,0,0,0,0,9.71,37.09,22.91,28.57,42.0,2/26
2025,M Tiwari,1,6,14,0,0,0,0,0,0,14.0,,,0.0,1.0,0/14
2025,MA Starc,11,233,400,14,91,0,3,1,1,10.3,28.57,16.64,39.06,38.5,5/35
2025,MJ Santner,13,237,313,10,79,0,1,0,0,7.92,31.3,23.7,33.33,39.3,3/11
2025,MM Ali,5,96,136,6,29,1,0,0,0,8.5,22.67,16.0,30.21,16.0,2/23
2025,MM Sharma,8,150,257,2,33,0,0,0,0,10.28,128.5,75.0,22.0,25.0,1/10
2025,MP Stoinis,9,85,175,1,22,0,0,0,0,12.35,175.0,85.0,25.88,14.1,1/14
2025,MP Yadav,2,48,99,2,18,0,0,0,0,12.38,49.5,24.0,37.5,8.0,2/39
2025,Mohammed Shami,9,180,337,6,60,0,0,0,0,11.23,56.17,30.0,33.33,30.0,2/28
2025,Mohammed Siraj,15,342,524,16,151,0,2,1,0,9.19,32.75,21.38,44.15,57.0,4/17
2025,Mujeeb Ur Rahman,1,12,28,1,4,0,0,0,0,14.0,28.0,12.0,33.33,2.0,1/28
2025,Mukesh Choudhary,2,36,71,1,11,0,0,0,0,11.83,71.0,36.0,30.56,6.0,1/21
2025,Mukesh Kumar,12,237,407,12,82,1,1,1,0,10.3,33.92,19.75,34.6,39.3,4/33
2025,Musheer Khan,1,12,27,1,1,0,0,0,0,13.5,27.0,12.0,8.33,2.0,1/27
2025,Mustafizur Rahman,3,66,87,4,23,0,1,0,0,7.91,21.75,16.5,34.85,11.0,3/33
2025,N Rana,2,12,18,0,0,0,0,0,0,9.0,,,0.0,2.0,0/9
2025,N Thushara,1,24,26,1,10,0,0,0,0,6.5,26.0,24.0,41.67,4.0,1/26
2025,N Wadhera,1,5,9,0,1,0,0,0,0,10.8,,,20.0,0.5,0/9
2025,NT Ellis,1,24,38,1,6,0,0,0,0,9.5,38.0,24.0,25.0,4.0,1/38
2025,Naman Dhir,2,24,21,0,8,0,0,0,0,5.25,,,33.33,4.0,0/9
2025,Nithish Kumar Reddy,3,30,47,2,9,0,0,0,0,9.4,23.5,15.0,30.0,5.0,1/13
2025,Noor Ahmad,14,300,408,24,107,0,4,2,0,8.16,17.0,12.5,35.67,50.0,4/18
2025,P Dubey,1,12,20,1,4,0,0,0,0,10.0,20.0,12.0,33.33,2.0,1/20
2025,PHKD Mendis,4,42,60,2,11,0,0,0,0,8.57,30.0,21.0,26.19,7.0,1/4
2025,PJ Cummins,14,298,450,16,118,0,3,0,0,9.06,28.12,18.62,39.6,49.4,3/19
2025,PVD Chameera,6,102,197,4,24,0,0,0,0,11.59,49.25,25.5,23.53,17.0,1/24
2025,PVSN Raju,2,24,53,1,4,0,0,0,0,13.25,53.0,24.0,16.67,4.0,1/40
2025,PWA Mulder,1,6,16,0,1,0,0,0,0,16.0,,,16.67,1.0,0/16
2025,PWH de Silva,11,246,371,11,67,0,1,1,0,9.05,33.73,22.36,27.24,41.0,4/35
2025,Prince Yadav,6,137,224,3,43,0,0,0,0,9.81,74.67,45.67,31.39,22.5,1/28
2025,R Ashwin,9,186,283,7,57,0,0,0,0,9.13,40.43,26.57,30.65,31.0,2/41
2025,R Parag,9,120,169,3,30,0,0,0,0,8.45,56.33,40.0,25.0,20.0,1/12
2025,R Sai Kishore,15,255,393,19,77,0,1,0,0,9.25,20.68,13.42,30.2,42.3,3/30
2025,R Shepherd,7,84,151,6,27,0,0,0,0,10.79,25.17,14.0,32.14,14.0,2/14
2025,RA Jadeja,14,227,324,10,77,0,0,0,0,8.56,32.4,22.7,33.92,37.5,2/17
2025,RD Chahar,1,6,9,0,2,0,0,0,0,9.0,,,33.33,1.0,0/9
2025,RJ Gleeson,1,21,39,1,5,0,0,0,0,11.14,39.0,21.0,23.81,3.3,1/39
2025,RJW Topley,1,18,40,0,6,0,0,0,0,13.33,,,33.33,3.0,0/40
2025,Rashid Khan,15,330,514,9,94,0,0,0,0,9.35,57.11,36.67,28.48,55.0,2/25
2025,Rasikh Salam,2,36,70,1,14,0,0,0,0,11.67,70.0,36.0,38.89,6.0,1/35
2025,Ravi Bishnoi,11,222,401,9,68,0,0,0,0,10.84,44.56,24.67,30.63,37.0,2/18
2025,S Dube,1,12,33,0,1,0,0,0,0,16.5,,,8.33,2.0,0/33
2025,SH Johnson,4,68,132,1,26,0,0,0,0,11.65,132.0,68.0,38.24,11.2,1/41
2025,SM Curran,5,72,133,1,18,0,0,0,0,11.08,133.0,72.0,25.0,12.0,1/34
2025,SN Thakur,10,204,368,13,61,0,1,1,0,10.82,28.31,15.69,29.9,34.0,4/33
2025,SP Narine,12,270,351,12,89,0,2,0,0,7.8,29.25,22.5,32.96,45.0,3/13
2025,Sandeep Sharma,10,223,372,9,54,0,0,0,0,10.01,41.33,24.78,24.22,37.1,2/21
2025,Shahbaz Ahmed,3,51,102,1,11,0,0,0,0,12.0,102.0,51.0,21.57,8.3,1/41
2025,Shashank Singh,1,12,27,0,3,0,0,0,0,13.5,,,25.0,2.0,0/27
2025,Simarjeet Singh,4,60,141,2,22,0,0,0,0,14.1,70.5,30.0,36.67,10.0,2/46
2025,Suryansh Shedge,1,18,40,0,1,0,0,0,0,13.33,,,5.56,3.0,0/40
2025,Suyash Sharma,14,300,442,8,102,0,1,0,0,8.84,55.25,37.5,34.0,50.0,3/17
2025,T Natarajan,2,25,53,1,5,0,0,0,0,12.72,53.0,25.0,20.0,4.1,1/4
2025,T Stubbs,2,12,40,0,3,0,0,0,0,20.0,,,25.0,2.0,0/12
2025,TA Boult,16,346,517,22,127,0,3,1,0,8.97,23.5,15.73,36.71,57.4,4/26
2025,TU Deshpande,10,192,339,9,59,0,1,0,0,10.59,37.67,21.33,30.73,32.0,3/43
2025,V Nigam,13,234,356,11,74,0,0,0,0,9.13,32.36,21.27,31.62,39.0,2/18
2025,V Puthur,5,72,109,6,24,0,1,0,0,9.08,18.17,12.0,33.33,12.0,3/32
2025,VG Arora,12,255,428,17,94,1,2,0,0,10.07,25.18,15.0,36.86,42.3,3/29
2025,Vijaykumar Vyshak,5,102,180,4,31,0,0,0,0,10.59,45.0,25.5,30.39,17.0,2/44
2025,W O'Rourke,3,62,132,6,15,0,1,0,0,12.77,22.0,10.33,24.19,10.2,3/27
2025,WG Jacks,8,84,120,6,32,0,0,0,0,8.57,20.0,14.0,38.1,14.0,2/14
2025,Washington Sundar,5,65,111,2,16,0,0,0,0,10.25,55.5,32.5,24.62,10.5,1/28
2025,XC Bartlett,4,60,96,2,28,0,0,0,0,9.6,48.0,30.0,46.67,10.0,1/26
2025,YS Chahal,13,270,430,16,73,0,2,2,0,9.56,26.88,16.88,27.04,45.0,4/28
2025,Yash Dayal,15,294,470,13,97,0,0,0,0,9.59,36.15,22.62,32.99,49.0,2/18
2025,Yash Thakur,2,39,79,1,11,0,0,0,0,12.15,79.0,39.0,28.21,6.3,1/39
2025,Yudhvir Singh,4,66,129,4,26,0,1,0,0,11.73,32.25,16.5,39.39,11.0,3/47
2025,Zeeshan Ansari,10,203,332,6,48,0,1,0,0,9.81,55.33,33.83,23.65,33.5,3/42
